Workbook
Name ACTION: #REF!

Sheet Test Report
B1: TEST REPORT
B3: Project Name | C3: <Project Name> | E3: Creator | G3: LTS
B4: Project Code | C4: <Project Code> | E4: Reviewer/Approver
B5: Document Code | C5: =C4&"_"&"Test Report"&"_"&"vx.x" -> <Project Code>_Test Report_vx.x | E5: Issue Date | H5: <Date when this test report is created>
B6: Notes | C6: <
B10: No | C10: Module code | D10: Pass | E10: Fail | F10: Untested | G10: N/A | H10: Number of test cases
B11: 1 | C11: =Module1!B2 -> Module1 | D11: =Module1!$A$6 -> 6 | E11: =Module1!$B$6 -> 0 | F11: =Module1!$C$6 -> 0 | G11: =Module1!$D$6 -> 0 | H11: =Module1!$E$6 -> 6
B12: 2 | C12: =Module2!B2 -> Module2 | D12: =Module2!$A$6 -> 10 | E12: =Module2!$B$6 -> 2 | F12: =Module2!$C$6 -> 0 | G12: =Module2!$D$6 -> 0 | H12: =Module2!$E$6 -> 12
B13: 3 | C13: =Module3!B2 -> Module3 | D13: =Module3!$A$6 -> 7 | E13: =Module3!$B$6 -> 0 | F13: =Module3!$C$6 -> 0 | G13: =Module3!$D$6 -> 0 | H13: =Module3!$E$6 -> 7
B14: 4 | C14: =Module4!B2 -> Module4 | D14: =Module4!$A$6 -> 4 | E14: =Module4!$B$6 -> 2 | F14: =Module4!$C$6 -> 0 | G14: =Module4!$D$6 -> 0 | H14: =Module4!$E$6 -> 6
B15: 5 | C15: =Module5!B2 -> Module5 | D15: =Module5!$A$6 -> 4 | E15: =Module5!$B$6 -> 4 | F15: =Module5!$C$6 -> 0 | G15: =Module5!$D$6 -> 0 | H15: =Module5!$E$6 -> 8
B16: 6 | C16: =Module6!B2 -> Module6 | D16: =Module6!$A$6 -> 3 | E16: =Module6!$B$6 -> 2 | F16: =Module6!$C$6 -> 0 | G16: =Module6!$D$6 -> 0 | H16: =Module6!$E$6 -> 5
B17: 7 | C17: =Module7!B2 -> Module7 | D17: =Module7!$A$6 -> 4 | E17: =Module7!$B$6 -> 0 | F17: =Module7!$C$6 -> 0 | G17: =Module7!$D$6 -> 0 | H17: =Module7!$E$6 -> 4
C21: Sub total | D21: =SUM(D9:D20) -> 38 | E21: =SUM(E9:E20) -> 10 | F21: =SUM(F9:F20) -> 0 | G21: =SUM(G9:G20) -> 0 | H21: =SUM(H9:H20) -> 48
C23: Test coverage | E23: =(D21+E21)*100/(H21-G21) -> 100 | F23: %
C24: Test successful coverage | E24: =D21*100/(H21-G21) -> 79.166667 | F24: %

Sheet Test case List
D1: TEST CASE LIST
B3: Project Name | D3: =#REF! -> #REF!
B4: Project Code | D4: =#REF! -> #REF!
B5: Test Environment Setup Description | D5: <List enviroment requires in this system 1. Server 2. Database 3. Web Browser ... >
B8: No | C8: Function Name | D8: Sheet Name | E8: Description | F8: Pre-Condition
B9: 1 | C9: Chức năng đăng ký | D9: Module1
B10: 2 | C10: Chức năng đăng nhập | D10: Module1
B11: 3 | C11: Chức năng lọc | D11: Module2
B12: 4 | C12: Chức năng đặt phòng | D12: Module2
B13: 5 | C13: Chức năng ưu đãi | D13: Module3
B14: 6 | C14: Chức năng tài khoản | D14: Module4
B15: 7 | C15: Chức năng bình luận và đánh giá | D15: Module5
B16: 8 | C16: Chức năng đăng xuất | D16: Module6
B17: 9 | C17: Chức năng đầu cuối (quy trình) | D17: Module7

Sheet Module1
A2: Module Code | B2: Module1 | J2: Pass
A3: Test requirement | B3: ĐĂNG KÝ VÀ ĐĂNG NHẬP | J3: Fail
A4: Tester
A5: Pass | B5: Fail | C5: Untested | D5: N/A | E5: Number of Test cases | J5: Untesed
A6: =COUNTIF(F10:F989,"Pass") -> 6 | B6: =COUNTIF(F10:F989,"Fail") -> 0 | C6: =E6-D6-B6-A6 -> 0 | D6: =COUNTIF(F$10:F$989,"N/A") -> 0 | E6: =COUNTA(A10:A989) -> 6 | J6: N/A
A8: ID | B8: Test Case Description | C8: Test Case Procedure | D8: Expected Output | E8: Inter-test case Dependence | F8: Result | G8: Test date | H8: Note
B9: Chức năng đăng ký
A10: =IF(OR(B10<>"",D10<>""),"["&TEXT($B$2,"##")&"-"&TEXT(ROW()-10,"##")&"]","") -> [Module1 -] | B10: Xác minh rằng textbox có trình giữ chỗ “Số điện thoại ”, “Biệt danh” được căn chỉnh chính xác trên biểu mẫu Đăng ký. | C10: 1. Mở trang chủ (nếu cửa sổ bật lên vị trí hiển thị, hãy chọn bất kỳ vị trí nào, ví dụ: Hà Nội, và nhấp vào checkbox:'Không hiển thị lại') 2. Nhấp vào nút 'Tài khoản' 3. Nhấp vào hyperlink 'Đăng ký ngay' | D10: Textbox có trình giữ chỗ "Số điện thoại" và "Biệt danh" được căn chỉnh chính xác. | F10: Pass
A11: =IF(OR(B11<>"",D11<>""),"["&TEXT($B$2,"##")&"-"&TEXT(ROW()-10,"##")&"]","") -> [Module1 -1] | B11: Xác minh trang đăng kí phải có tiêu đề thích hợp | C11: 1. Mở trang chủ (nếu cửa sổ bật lên vị trí hiển thị, hãy chọn bất kỳ vị trí nào, ví dụ: Hà Nội, và nhấp vào checkbox:'Không hiển thị lại') 2. Nhấp vào nút 'Tài khoản' 3. Nhấp vào hyperlink 'Đăng ký ngay' | D11: Trang đăng kí có tiêu đề thích hợp | F11: Pass
B12: Chức năng đăng nhập
A13: =IF(OR(B13<>"",D13<>""),"["&TEXT($B$2,"##")&"-"&TEXT(ROW()-11,"##")&"]","") -> [Module1 -2] | B13: Xác minh textbox với trình giữ chỗ "Số điện thoại" và "Mật khẩu Go2Joy" được căn chỉnh chính xác trên biểu mẫu Đăng nhập. | C13: 1. Mở trang chủ 2. Nhấp vào nút Tài khoản | D13: Textbox có trình giữ chỗ "Số điện thoại" và "Mật khẩu Go2Joy " được căn chỉnh đúng cách. | F13: Pass
A14: =IF(OR(B14<>"",D14<>""),"["&TEXT($B$2,"##")&"-"&TEXT(ROW()-11,"##")&"]","") -> [Module1 -3] | B14: Xác minh textbox mật khẩu hiển thị dấu chấm trên biểu mẫu Đăng nhập. | C14: 1. Mở trang chủ 2. Nhấp vào nút Tài khoản 3. Nhập một số ký tự trên textbox mật khẩu | D14: Textbox mật khẩu hiển thị dấu chấm | F14: Pass
A15: =IF(OR(B15<>"",D15<>""),"["&TEXT($B$2,"##")&"-"&TEXT(ROW()-11,"##")&"]","") -> [Module1 -4] | B15: Xác minh các textbox với trình giữ chỗ "Email" và "Mật khẩu Go2Joy" được căn chỉnh đúng trên biểu mẫu đăng nhập Email. | C15: 1. Mở trang chủ 2. Nhấp vào nút Tài khoản 3. Nhấp vào tab " Email " | D15: Textbox có trình giữ chỗ "Email" và "Mật khẩu Go2Joy" được căn chỉnh đúng cách. | F15: Pass
A16: =IF(OR(B16<>"",D16<>""),"["&TEXT($B$2,"##")&"-"&TEXT(ROW()-11,"##")&"]","") -> [Module1 -5] | B16: Xác minh mật khẩu textbox hiển thị dấu chấm trên biểu mẫu Đăng nhập email. | C16: 1. Mở trang chủ 2. Nhấp vào nút Tài khoản 3. Nhấp vào tab " Email " 4. Nhập một số ký tự trên textbox mật khẩu | D16: Textbox mật khẩu hiển thị dấu chấm | F16: Pass

Sheet Module2
A2: Module Code | B2: Module2 | J2: Pass
A3: Test requirement | B3: LỌC VÀ ĐẶT PHÒNG | J3: Fail
A4: Tester
A5: Pass | B5: Fail | C5: Untested | D5: N/A | E5: Number of Test cases | J5: Untesed
A6: =COUNTIF(F9:F996,"Pass") -> 10 | B6: =COUNTIF(F9:F996,"Fail") -> 2 | C6: =E6-D6-B6-A6 -> 0 | D6: =COUNTIF(F$9:F$996,"N/A") -> 0 | E6: =COUNTA(A9:A996) -> 12 | J6: N/A
A8: ID | B8: Test Case Description | C8: Test Case Procedure | D8: Expected Output | E8: Inter-test case Dependence | F8: Result | G8: Test date | H8: Note
B9: Chức năng lọc
A10: =IF(OR(B10<>"",D10<>""),"["&TEXT($B$2,"##")&"-"&TEXT(ROW()-10,"##")&"]","") -> [Module2-] | B10: Xác minh rằng Textbox có trình giữ chỗ “Tỉnh/Thành phố” được căn chỉnh chính xác trên biểu mẫu Vị trí. | C10: 1. Mở trang chủ 2. Nhấp vào trường vị trí | D10: Textbox có trình giữ chỗ “Tỉnh/ Thành phố” được căn chỉnh chính xác trên biểu mẫu chọn vị trí của bạn. | F10: Pass
A11: =IF(OR(B11<>"",D11<>""),"["&TEXT($B$2,"##")&"-"&TEXT(ROW()-10,"##")&"]","") -> [Module2-1] | B11: Nhập các ký tự để chọn vị trí | C11: 1. Mở trang chủ 2. Nhấp vào trường vị trí 3. Nhập ký tự Ví dụ: Hà Nội | D11: Đã chọn vị trí vừa nhập | F11: Fail
A12: =IF(OR(B12<>"",D12<>""),"["&TEXT($B$2,"##")&"-"&TEXT(ROW()-10,"##")&"]","") -> [Module2-2] | B12: Xác minh nút ENTER trên bàn phím được thực thi khi chọn vị trí | C12: 1. Mở trang chủ 2. Nhấp vào trường vị trí 3. Nhập ký tự Ví dụ: Hà Nội 4. Nhấn nút ENTER | D12: Đã chọn vị trí vừa nhập | F12: Fail
A13: =IF(OR(B13<>"",D13<>""),"["&TEXT($B$2,"##")&"-"&TEXT(ROW()-10,"##")&"]","") -> [Module2-3] | B13: Xác minh vị trí khi nhấp vào nút 'Tìm vị trí của tôi' | C13: 1. Mở trang chủ 2. Nhấp vào nút 'Tìm vị trí của tôi' | D13: Hiện vị trí hiện tại của người dùng | F13: Pass
A14: =IF(OR(B14<>"",D14<>""),"["&TEXT($B$2,"##")&"-"&TEXT(ROW()-10,"##")&"]","") -> [Module2-4] | B14: Không xuất hiện các bộ sưu tập biểu tượng mới khi bấm vào nút mũi tên đang bị vô hiệu hoá | C14: 1. Mở trang chủ 2. Nhấp vào nút mũi tên trái | D14: Các bộ sưu tập biểu tượng được kéo qua bên trái | F14: Pass
B15: Chức năng đặt phòng
A16: =IF(OR(B16<>"",D16<>""),"["&TEXT($B$2,"##")&"-"&TEXT(ROW()-11,"##")&"]","") -> [Module2-5] | B16: Xác minh Thanh tìm kiếm với trình giữ chỗ "Nhập tên khách sạn bạn cần tìm" được căn chỉnh chính xác. | C16: 1. Mở trang chủ | D16: Thanh tìm kiếm với trình giữ chỗ "Nhập tên khách sạn bạn cần tìm" được căn chỉnh chính xác. | F16: Pass
A17: =IF(OR(B17<>"",D17<>""),"["&TEXT($B$2,"##")&"-"&TEXT(ROW()-11,"##")&"]","") -> [Module2-6] | B17: Xác minh thanh Search có biểu tượng kính lúp | C17: 1. Mở trang chủ | D17: Hiện biểu tượng kính lúp trên thanh tìm kiếm | F17: Pass
A18: =IF(OR(B18<>"",D18<>""),"["&TEXT($B$2,"##")&"-"&TEXT(ROW()-11,"##")&"]","") -> [Module2-7] | B18: Xác minh người dùng có thể tìm thấy tên khách sạn tồn tại | C18: 1. Mở trang chủ 2. Nhập tên trên thanh Tìm kiếm Ví dụ: Chill | D18: Các khách sạn được đề xuất xuất hiện trên menu thả xuống | F18: Pass
A19: =IF(OR(B19<>"",D19<>""),"["&TEXT($B$2,"##")&"-"&TEXT(ROW()-11,"##")&"]","") -> [Module2-8] | B19: Xác minh người dùng không thể tìm thấy tên khách sạn không tồn tại | C19: 1. Mở trang chủ 2. Nhập tên trên thanh Tìm kiếm Ví dụ: hfdfhj | D19: Xuất hiện dòng chữ "Xin lỗi, không tìm thấy" | F19: Pass
A20: =IF(OR(B20<>"",D20<>""),"["&TEXT($B$2,"##")&"-"&TEXT(ROW()-11,"##")&"]","") -> [Module2-9] | B20: Xác minh nút ENTER phải hoạt động bình thường sau khi nhập vào trường Tìm kiếm. | C20: 1. Mở trang chủ 2. Nhập tên trên thanh Tìm kiếm Ví dụ: Chill 3. Nhấn ENTER từ bàn phím | D20: Tìm kiếm thành công | F20: Pass
A21: =IF(OR(B21<>"",D21<>""),"["&TEXT($B$2,"##")&"-"&TEXT(ROW()-11,"##")&"]","") -> [Module2-10] | B21: Trang xác minh khách sạn phải có tiêu đề phù hợp. | C21: 1. Mở trang chủ 2. Nhập tên trên thanh Tìm kiếm Ví dụ: Chill 3. Nhấn ENTER từ bàn phím | D21: Trang khách sạn phải có tiêu đề phù hợp. | F21: Pass
A22: =IF(OR(B22<>"",D22<>""),"["&TEXT($B$2,"##")&"-"&TEXT(ROW()-11,"##")&"]","") -> [Module2-11] | B22: Xác minh đúng tên khách sạn đã tìm kiếm . | C22: 1. Mở trang chủ 2. Nhập tên trên thanh Tìm kiếm Ví dụ: CHILL HOUSE 2 HOMESTAY 3. Nhấn ENTER từ bàn phím | D22: Tên khách sạn đúng với tìm kiếm | F22: Pass

Sheet Module3
A2: Module Code | B2: Module3 | J2: Pass
A3: Test requirement | B3: ƯU ĐÃI | J3: Fail
A4: Tester
A5: Pass | B5: Fail | C5: Untested | D5: N/A | E5: Number of Test cases | J5: Untesed
A6: =COUNTIF(F9:F990,"Pass") -> 7 | B6: =COUNTIF(F9:F990,"Fail") -> 0 | C6: =E6-D6-B6-A6 -> 0 | D6: =COUNTIF(F$9:F$990,"N/A") -> 0 | E6: =COUNTA(A9:A990) -> 7 | J6: N/A
A8: ID | B8: Test Case Description | C8: Test Case Procedure | D8: Expected Output | E8: Inter-test case Dependence | F8: Result | G8: Test date | H8: Note
B9: Chức năng ưu đãi
A10: =IF(OR(B10<>"",D10<>""),"["&TEXT($B$2,"##")&"-"&TEXT(ROW()-10,"##")&"]","") -> [Module3-] | B10: Xác minh trang ưu đãi phải có tiêu đề phù hợp. | C10: 1. Mở trang chủ 2. Nhấp vào nút " Ưu đãi " | D10: Trang ưu đãi phải có tiêu đề phù hợp. | F10: Pass
A11: =IF(OR(B11<>"",D11<>""),"["&TEXT($B$2,"##")&"-"&TEXT(ROW()-10,"##")&"]","") -> [Module3-1] | B11: Xác minh nút 'Ưu đãi' đổi màu khi di con trỏ chuột vào | C11: 1. Mở trang chủ 2. Di con trỏ vào nút " Ưu đãi " | D11: Nút 'Ưu đãi' chuyển màu cam | F11: Pass
A12: =IF(OR(B12<>"",D12<>""),"["&TEXT($B$2,"##")&"-"&TEXT(ROW()-10,"##")&"]","") -> [Module3-2] | B12: Con trỏ thay đổi khi di chuột vào nút 'Ưu đãi' | C12: 1. Mở trang chủ 2. Di con trỏ vào nút " Ưu đãi " | D12: Con trỏ chuột thay đổi thành dạng handpoint | F12: Pass
A13: =IF(OR(B13<>"",D13<>""),"["&TEXT($B$2,"##")&"-"&TEXT(ROW()-10,"##")&"]","") -> [Module3-3] | B13: Xác minh tiêu đề của nút áp dụng khi người dùng đã đăng nhập | C13: 1. Mở trang chủ 2. Nhấp vào nút " Ưu đãi " 3. Nhấp vào nút "Áp dụng ngay" (Đăng nhập vào trang nếu chưa) 4. Chọn chi nhánh của khách sạn | D13: Tiêu đề của trang phải phù hợp. | F13: Pass
A14: =IF(OR(B14<>"",D14<>""),"["&TEXT($B$2,"##")&"-"&TEXT(ROW()-10,"##")&"]","") -> [Module3-4] | B14: Xác minh chi nhánh của khách sạn khi người dùng đã đăng nhập | C14: 1. Mở trang chủ 2. Nhấp vào nút " Ưu đãi " 3. Nhấp vào nút "Áp dụng ngay" (Đăng nhập vào trang nếu chưa) 4. Chọn chi nhánh của khách sạn | D14: Chi nhánh của khách sạn phải có vị trí thích hợp | F14: Pass
A15: =IF(OR(B15<>"",D15<>""),"["&TEXT($B$2,"##")&"-"&TEXT(ROW()-10,"##")&"]","") -> [Module3-5] | B15: Xác minh thông tin của coupon sau khi nhấp vào nút "Áp dụng ngay". | C15: 1. Mở trang chủ 2. Nhấp vào nút " Ưu đãi " 3. Nhấp vào nút " Áp dụng ngay " (Đăng nhập vào trang nếu chưa) | D15: Chuyển hướng đến trang thông tin của phiếu giảm giá | F15: Pass
A16: =IF(OR(B16<>"",D16<>""),"["&TEXT($B$2,"##")&"-"&TEXT(ROW()-11,"##")&"]","") -> [Module3-5] | B16: Yêu cầu đăng nhập khi nhấp vào "Áp dụng ngay" | C16: 1. Chưa đăng nhập -> mở trang chủ 2. Nhấp vào nút " Ưu đãi " 3. Nhấp vào nút " Áp dụng ngay " | D16: Chuyển hướng đến trang Đăng nhập | F16: Pass

Sheet Module4
A2: Module Code | B2: Module4 | J2: Pass
A3: Test requirement | B3: TÀI KHOẢN | J3: Fail
A4: Tester
A5: Pass | B5: Fail | C5: Untested | D5: N/A | E5: Number of Test cases | J5: Untesed
A6: =COUNTIF(F9:F988,"Pass") -> 4 | B6: =COUNTIF(F9:F988,"Fail") -> 2 | C6: =E6-D6-B6-A6 -> 0 | D6: =COUNTIF(F$9:F$988,"N/A") -> 0 | E6: =COUNTA(A9:A988) -> 6 | J6: N/A
A8: ID | B8: Test Case Description | C8: Test Case Procedure | D8: Expected Output | E8: Inter-test case Dependence | F8: Result | G8: Test date | H8: Note
B9: Chức năng tài khoản
A10: =IF(OR(B10<>"",D10<>""),"["&TEXT($B$2,"##")&"-"&TEXT(ROW()-10,"##")&"]","") -> [Module4-] | B10: Xác minh Tên và Số điện thoại. | C10: 1. Mở trang chủ (Đã đăng nhập) 2. Nhấp vào nút Tài khoản 3. Nhấp vào nút "Hồ sơ của tôi" | D10: Xác minh thành công | F10: Pass
A11: =IF(OR(B11<>"",D11<>""),"["&TEXT($B$2,"##")&"-"&TEXT(ROW()-10,"##")&"]","") -> [Module4-1] | B11: Xác minh trang Hồ sơ phải có tiêu đề phù hợp. | C11: 1. Mở trang chủ (Đã đăng nhập) 2. Nhấp vào nút Tài khoản 3. Nhấp vào nút "Hồ sơ của tôi" | D11: Trang Hồ sơ có tiêu đề phù hợp. | F11: Pass | H11: x
A12: =IF(OR(B12<>"",D12<>""),"["&TEXT($B$2,"##")&"-"&TEXT(ROW()-10,"##")&"]","") -> [Module4-2] | B12: Xác minh trang Hồ sơ phải có tên trang phù hợp. | C12: 1. Mở trang chủ (Đã đăng nhập) 2. Nhấp vào nút Tài khoản. 3. Nhấp vào nút "Hồ sơ của tôi" | D12: Tên của trang hồ sơ phù hợp | F12: Fail | H12: x
A13: =IF(OR(B13<>"",D13<>""),"["&TEXT($B$2,"##")&"-"&TEXT(ROW()-10,"##")&"]","") -> [Module4-3] | B13: Người dùng đã đăng nhập có thể cập nhật đúng thông tin cá nhân | C13: 1. Mở trang chủ (Đã đăng nhập) 2. Nhấp vào nút "Tài khoản" 3. Nhấp vào nút "Hồ sơ của tôi" 4. Điền thông tin đúng 5. Nhấp vào nút 'Cập nhật' | D13: *Cập nhật thành công *Xuất hiện thông báo người dùng đã cập nhật thành công | F13: Pass | H13: x
A14: =IF(OR(B14<>"",D14<>""),"["&TEXT($B$2,"##")&"-"&TEXT(ROW()-10,"##")&"]","") -> [Module4-4] | B14: Người dùng đã đăng nhập có thể thay đổi mật khẩu | C14: 1. Mở trang chủ (Đã đăng nhập) 2. Nhấp vào nút "Tài khoản" 3. Nhấp vào nút "Hồ sơ của tôi" 4. Điền đúng thông tin 5. Nhấp vào nút 'Đổi mật khẩu' | D14: Thay đổi mật khẩu thành công. | F14: Pass | H14: x
A15: =IF(OR(B15<>"",D15<>""),"["&TEXT($B$2,"##")&"-"&TEXT(ROW()-10,"##")&"]","") -> [Module4-5] | B15: Xác minh tiêu đề của thông báo đổi mật khẩu thành công phải phù hợp | C15: 1. Mở trang chủ (Đã đăng nhập) 2. Nhấp vào nút "Tài khoản" 3. Nhấp vào nút "Hồ sơ của tôi" 4. Điền đúng thông tin 5. Nhấp vào nút 'Đổi mật khẩu' | D15: Thông báo phù hợp | F15: Fail | H15: x

Sheet Module5
A2: Module Code | B2: Module5 | J2: Pass
A3: Test requirement | B3: BÌNH LUẬN VÀ ĐÁNH GIÁ | J3: Fail
A4: Tester
A5: Pass | B5: Fail | C5: Untested | D5: N/A | E5: Number of Test cases | J5: Untesed
A6: =COUNTIF(F9:F983,"Pass") -> 4 | B6: =COUNTIF(F9:F983,"Fail") -> 4 | C6: =E6-D6-B6-A6 -> 0 | D6: =COUNTIF(F$9:F$983,"N/A") -> 0 | E6: =COUNTA(A9:A983) -> 8 | J6: N/A
A8: ID | B8: Test Case Description | C8: Test Case Procedure | D8: Expected Output | E8: Inter-test case Dependence | F8: Result | G8: Test date | H8: Note
B9: Chức năng bình luận và đánh giá
A10: =IF(OR(B10<>"",D10<>""),"["&TEXT($B$2,"##")&"-"&TEXT(ROW()-10,"##")&"]","") -> [Module5-] | B10: Xác minh trang hiện tại. | C10: 1. Mở trang chủ (đã đăng nhập). 2. Nhấp vào phòng khách sạn. 3. Nhấp vào bình luận. | D10: Bình luận hiển thị thành công | F10: Fail
A11: =IF(OR(B11<>"",D11<>""),"["&TEXT($B$2,"##")&"-"&TEXT(ROW()-10,"##")&"]","") -> [Module5-1] | B11: Xác minh nút xem tất cả bình luận. | C11: 1. Mở trang chủ (đã đăng nhập). 2. Nhấp vào phòng khách sạn. 3. Nhấp vào bình luận. 4. Nhấp vào xem tất cả bình luận. | D11: Xuất hiện popup, tải được dữ liệu. | F11: Fail
A12: =IF(OR(B12<>"",D12<>""),"["&TEXT($B$2,"##")&"-"&TEXT(ROW()-10,"##")&"]","") -> [Module5-2] | B12: Xác minh nút thích bình luận. | C12: 1. Mở trang chủ (đã đăng nhập). 2. Nhấp vào phòng khách sạn. 3. Nhấp vào bình luận. 4. Nhấp vào nút thích bình luận (1 click). 5. Nhấp tiếp vào bình luận đã thích. | D12: Bỏ thích bình luận thành công. | F12: Pass
A13: =IF(OR(B13<>"",D13<>""),"["&TEXT($B$2,"##")&"-"&TEXT(ROW()-10,"##")&"]","") -> [Module5-3] | B13: Xác minh sau khi thích một bình luận và tải lại trang không bị mất đã thích | C13: 1. Mở trang chủ (đã đăng nhập). 2. Nhấp vào phòng khách sạn. 3. Nhấp vào bình luận. 4. Nhấp vào nút thích bình luận (1 click). 5. Tải lại trang. | D13: Xác minh đã thích vẫn còn. | F13: Pass
A14: =IF(OR(B14<>"",D14<>""),"["&TEXT($B$2,"##")&"-"&TEXT(ROW()-10,"##")&"]","") -> [Module5-4] | B14: Đánh giá khi đăng nhập. | C14: 1. Mở trang chủ (đã đăng nhập). 2. Nhấp vào phòng khách sạn. | D14: Đánh giá được. | F14: Fail
A15: =IF(OR(B15<>"",D15<>""),"["&TEXT($B$2,"##")&"-"&TEXT(ROW()-10,"##")&"]","") -> [Module5-5] | B15: Bình luận khi đã đăng nhập. | C15: 1. Mở trang chủ (đã đăng nhập). 2. Nhấp vào phòng khách sạn. | D15: Xuất hiện form để comment bình luận. | F15: Fail
A16: =IF(OR(B16<>"",D16<>""),"["&TEXT($B$2,"##")&"-"&TEXT(ROW()-10,"##")&"]","") -> [Module5-6] | B16: Xác minh nút thích khi vào chi tiết trên slide. | C16: 1. Mở trang chủ (chưa đăng nhập). 2. Nhấp vào phòng khách sạn. 4. Nhấp vào nút thích. | D16: Trang chuyển hướng tới trang login. | F16: Pass
A17: =IF(OR(B17<>"",D17<>""),"["&TEXT($B$2,"##")&"-"&TEXT(ROW()-10,"##")&"]","") -> [Module5-7] | B17: Xác minh trượt được bình luận. | C17: 1. Mở trang chủ (chưa đăng nhập). 2. Nhấp vào phòng khách sạn. 4. Nhấn giữ chuốt và kéo sang trái/phải trên bình luận | D17: Xác minh slide trượt thành công. | F17: Pass

Sheet Module6
A2: Module Code | B2: Module6 | J2: Pass
A3: Test requirement | B3: ĐĂNG XUẤT | J3: Fail
A4: Tester
A5: Pass | B5: Fail | C5: Untested | D5: N/A | E5: Number of Test cases | J5: Untesed
A6: =COUNTIF(F9:F976,"Pass") -> 3 | B6: =COUNTIF(F9:F976,"Fail") -> 2 | C6: =E6-D6-B6-A6 -> 0 | D6: =COUNTIF(F$9:F$976,"N/A") -> 0 | E6: =COUNTA(A9:A976) -> 5 | J6: N/A
A8: ID | B8: Test Case Description | C8: Test Case Procedure | D8: Expected Output | E8: Inter-test case Dependence | F8: Result | G8: Test date | H8: Note
B9: Chức năng đăng xuất
A10: =IF(OR(B10<>"",D10<>""),"["&TEXT($B$2,"##")&"-"&TEXT(ROW()-10,"##")&"]","") -> [Module6-] | B10: Người dùng đã đăng nhập có thể đăng xuất | C10: 1. Mở trang chủ (Đã đăng nhập) 2. Nhấp vào nút "Tài khoản" 3. Nhấp vào nút 'Đăng xuất' | D10: Đăng xuất thành công | F10: Pass
A11: =IF(OR(B11<>"",D11<>""),"["&TEXT($B$2,"##")&"-"&TEXT(ROW()-10,"##")&"]","") -> [Module6-1] | B11: Người dùng chưa đăng nhập không thể đăng xuất | C11: 1. Mở trang chủ 2. Nhấp vào nút "Tài khoản" | D11: Người dùng chưa đăng nhập không thể đăng xuất | F11: Pass
A12: =IF(OR(B12<>"",D12<>""),"["&TEXT($B$2,"##")&"-"&TEXT(ROW()-10,"##")&"]","") -> [Module6-2] | B12: Người dùng đã đăng xuất không thể quay lại trang Account | C12: 1. Mở trang chủ (Đã đăng nhập) 2. Nhấp vào nút "Tài khoản" 3. Nhấp vào nút 'Đăng xuất' 4. Quay lại trang | D12: Chuyển hướng tới trang chủ | F12: Fail
A13: =IF(OR(B13<>"",D13<>""),"["&TEXT($B$2,"##")&"-"&TEXT(ROW()-10,"##")&"]","") -> [Module6-3] | B13: Người dùng mở 2 Tab, đăng xuất Tab cũ và chuyển hướng tới trang Hồ sơ ở Tab mới | C13: 1. Mở trang chủ (Đã đăng nhập) 2. Mở Tab mới, chuyển về Tab cũ 3. Nhấp vào nút "Tài khoản" 4. Nhấp vào nút 'Đăng xuất' 5. Chuyển sang Tab mới, chuyển tới trang Tài khoản bằng link https://go2joy.vn/vi-vn/profile | D13: Tab mới chuyển hướng tới trang chủ | F13: Fail
A14: =IF(OR(B14<>"",D14<>""),"["&TEXT($B$2,"##")&"-"&TEXT(ROW()-10,"##")&"]","") -> [Module6-4] | B14: Người dùng đã đăng xuất có thể đặt phòng nhanh | C14: 1. Mở trang chủ (Đã đăng nhập) 2. Nhấp vào nút "Tài khoản" 3. Nhấp vào nút 'Đăng xuất' 4. Nhấp vào nút 'Trang chủ' 5. Chọn khách sạn, chọn phòng ví dụ:Lồng đèn đỏ hotel/room: Vip 01 6. Nhấp vào nút 'Đặt phòng ngay' 7. Điền số điện thoại và nhấp vào nút'Đăt phòng nhanh' | D14: Chuyển hướng tới trang thanh toán | F14: Pass

Sheet Module7
A2: Module Code | B2: Module7 | J2: Pass
A3: Test requirement | B3: QUY TRÌNH | J3: Fail
A4: Tester
A5: Pass | B5: Fail | C5: Untested | D5: N/A | E5: Number of Test cases | J5: Untesed
A6: =COUNTIF(F9:F970,"Pass") -> 4 | B6: =COUNTIF(F9:F970,"Fail") -> 0 | C6: =E6-D6-B6-A6 -> 0 | D6: =COUNTIF(F$9:F$970,"N/A") -> 0 | E6: =COUNTA(A9:A970) -> 4 | J6: N/A
A8: ID | B8: Test Case Description | C8: Test Case Procedure | D8: Expected Output | E8: Inter-test case Dependence | F8: Result | G8: Test date | H8: Note
B9: Chức năng đầu cuối (quy trình)
A10: =IF(OR(B10<>"",D10<>""),"["&TEXT($B$2,"##")&"-"&TEXT(ROW()-10,"##")&"]","") -> [Module7-] | B10: Xác minh thay đổi ngôn ngữ | C10: 1. Mở trang chủ 2. Chọn tỉnh/ thành phố 3. Nhấp vào biểu tượng quốc gia 4. Chọn ngôn ngữ | D10: Trang web chuyển đổi ngôn ngữ thành tiếng anh/việt tương ứng | F10: Pass
A11: =IF(OR(B11<>"",D11<>""),"["&TEXT($B$2,"##")&"-"&TEXT(ROW()-10,"##")&"]","") -> [Module7-1] | B11: Đặt phòng nhanh qua các bộ sưu tập biểu tượng | C11: 1. Mở trang chủ 2. Chọn tỉnh/ thành phố, ví dụ : Hà Nội 3. Chọn 1 trong các biểu tượng, ví dụ 'Gần bạn' 4. Chọn khách sạn, lựa chọn loại phòng 5. Nhấp vào nút 'Chọn phòng' 6. Nhấp vào nút 'Đặt phòng ngay' 7. Nhấp nút 'Huỷ' | D11: Người dùng đặt phòng qua bộ sưu tập biểu tượng | F11: Pass
A12: =IF(OR(B12<>"",D12<>""),"["&TEXT($B$2,"##")&"-"&TEXT(ROW()-10,"##")&"]","") -> [Module7-2] | B12: Đặt phòng nhanh qua các đề xuất khách sạn | C12: 1. Mở trang chủ 2. Chọn tỉnh/ thành phố ,ví dụ : Hà Nội 3. Chọn khách sạn 4. Lựa chọn loại phòng 5. Nhấp vào nút 'Chọn phòng' 6. Nhấp vào nút 'Đặt phòng ngay' 7. Nhấp nút 'Huỷ' | D12: Người dùng đặt phòng nhanh qua các đề xuất khách sạn | F12: Pass
A13: =IF(OR(B13<>"",D13<>""),"["&TEXT($B$2,"##")&"-"&TEXT(ROW()-10,"##")&"]","") -> [Module7-3] | B13: Đặt phòng qua chương trình khuyến mại | C13: 1. Mở trang chủ (Đăng nhập) 2. Nhấp vào nút 'Ưu đãi' 3. Lưa chọn phiếu ưu đãi, nhấp vào nút 'Áp dụng ngay' 4. Lựa chọn các khách sạn có ưu đãi được đề xuất 5. Nhấp vào nút 'Chọn phòng' 6. Nhấp vào nút 'Đặt phòng ngay' 7. Nhấp nút 'Huỷ' | D13: Người dùng đặt phòng qua các phiếu ưu đãi | F13: Pass
